{
    "tripsData":
    [
        {
            "name": "Hasta la vista Mexico!",
            "country": "Mexico",
            "start": "19-11-2022",
            "end": "27-11-2022",
            "price": 3000,
            "capacity": 13,
            "description": "Lorem ipsum dolor sit amet, consectetur adipiscing elit, sed do eiusmod tempor incididunt ut labore et dolore magna aliqua. Ut enim ad minim veniam",
            "image": "../../assets/photos/photo1.jpg"
        },
        {
            "name": "Phu Quoc - Żar tropików",
            "country": "Wietnam",
            "start": "23-11-2022",
            "end": "30-11-2022",
            "price": 2700,
            "capacity": 15,
            "description": "Lorem ipsum dolor sit amet, consectetur adipiscing elit, sed do eiusmod tempor incididunt ut labore et dolore magna aliqua. Ut enim ad minim veniam",
            "image": "../../assets/photos/photo2.jpg"
        },
        {
            "name": "Memories Varadero Beach Resort",
            "country": "Kuba",
            "start": "19-12-2022",
            "end": "27-12-2022",
            "price": 4500,
            "capacity": 7,
            "description": "Lorem ipsum dolor sit amet, consectetur adipiscing elit, sed do eiusmod tempor incididunt ut labore et dolore magna aliqua. Ut enim ad minim veniam",
            "image": "../../assets/photos/photo3.jpg"
        },
        {
            "name": "Lifestyle Cofresi Palm Beach",
            "country": "Dominikana",
            "start": "13-08-2023",
            "end": "20-08-2023",
            "price": 3200,
            "capacity": 17,
            "description": "Lorem ipsum dolor sit amet, consectetur adipiscing elit, sed do eiusmod tempor incididunt ut labore et dolore magna aliqua. Ut enim ad minim veniam",
            "image": "../../assets/photos/photo4.jpg"
        },
        {
            "name": "Tarisa Resort & Spa",
            "country": "Mauritius",
            "start": "14-03-2023",
            "end": "21-03-2023",
            "price": 5600,
            "capacity": 14,
            "description": "Lorem ipsum dolor sit amet, consectetur adipiscing elit, sed do eiusmod tempor incididunt ut labore et dolore magna aliqua. Ut enim ad minim veniam",
            "image": "../../assets/photos/photo5.jpg"
        },
        {
            "name": "Aristoteles Holiday Resort",
            "country": "Greece",
            "start": "12-11-2023",
            "end": "15-11-2023",
            "price": 1200,
            "capacity": 5,
            "description": "Lorem ipsum dolor sit amet, consectetur adipiscing elit, sed do eiusmod tempor incididunt ut labore et dolore magna aliqua. Ut enim ad minim veniam",
            "image": "../../assets/photos/photo6.jpg"
        },
        {
            "name": "Aurora Bay Resort",
            "country": "Egypt",
            "start": "05-12-2022",
            "end": "11-12-2022",
            "price": 2300,
            "capacity": 22,
            "description": "Lorem ipsum dolor sit amet, consectetur adipiscing elit, sed do eiusmod tempor incididunt ut labore et dolore magna aliqua. Ut enim ad minim veniam",
            "image": "../../assets/photos/photo7.jpg"
        },
        {
            "name": "Alaiye Kleopatra",
            "country": "Turkey",
            "start": "03-05-2023",
            "end": "10-05-2023",
            "price": 5600,
            "capacity": 8,
            "description": "Lorem ipsum dolor sit amet, consectetur adipiscing elit, sed do eiusmod tempor incididunt ut labore et dolore magna aliqua. Ut enim ad minim veniam",
            "image": "../../assets/photos/photo8.jpg"
        },
        {
            "name": "Buongiorno Firenze!",
            "country": "Italia",
            "start": "28-03-2023",
            "end": "04-04-2023",
            "price": 2000,
            "capacity": 3,
            "description": "Lorem ipsum dolor sit amet, consectetur adipiscing elit, sed do eiusmod tempor incididunt ut labore et dolore magna aliqua. Ut enim ad minim veniam",
            "image": "../../assets/photos/photo9.jpg"
        },
        {
            "name": "LABRANDA Aleo Club Resort",
            "country": "Spain",
            "start": "13-07-2022",
            "end": "20-07-2022",
            "price": 4100,
            "capacity": 4,
            "description": "Lorem ipsum dolor sit amet, consectetur adipiscing elit, sed do eiusmod tempor incididunt ut labore et dolore magna aliqua. Ut enim ad minim veniam",
            "image": "../../assets/photos/photo10.jpg"
        }
    ]
}